country,continent,year,lifeExp,pop,gdpPercap,iso_alpha,iso_num
Austria,Europe,2007,79.829,8199783,36126.4927,AUT,40
France,Europe,2007,80.657,61083916,30470.0167,FRA,250
Germany,Europe,2007,79.406,82400996,32170.37442,DEU,276
Italy,Europe,2007,80.546,58147733,28569.7197,ITA,380
Switzerland,Europe,2007,81.70100000000002,7554661,37506.41907,CHE,756
